INSERT INTO `Cidade` (`codigo`, `nome`) VALUES
(1, 'Niterói'),
(2, 'São Gonçalo'),
(3, 'Teresópolis');


INSERT INTO `Disciplina` (`codigo`, `nome`) VALUES
(11, 'Anarquia'),
(10, 'Biologia'),
(9, 'Filosofia'),
(6, 'Física'),
(4, 'Geografia'),
(5, 'História'),
(2, 'Literatura'),
(3, 'Matemática'),
(1, 'Português'),
(7, 'Química'),
(8, 'Sociologia');


INSERT INTO `Pessoa` (`codigo`, `nome`, `telefone`, `cod_cidade`) VALUES
(1, 'Julia Gomes', '21923374160', 1),
(2, 'Aarão Ruela', '11111111111', 2),
(3, 'Adérito Boner', '2222222222', 2),
(4, 'Alda Maranhão', '3333333333', 2),
(5, 'Almeno Branco', '44444444444', 2),
(6, 'Alzira Neves', '55555555556', 2),
(7, 'Anabela Vellozo', '66666666666', 1),
(8, 'Artur Serpa', '66666665555', 1),
(9, 'Aurélio Azevedo', '77777777778', 2),
(10, 'Brás Varela', '88888888888', 1),
(11, 'Érico Madruga', '99999999999', 1),
(12, 'Vitória Menna', '10000000000', 1),
(13, 'Tristão Carrilho ', '11222222222', 2),
(14, 'Telma Queiroz ', '12333333333', 1),
(15, 'Sónia Pedrozo', '1333333333', 2),
(16, 'Sebastiana Cyrne ', '1455555555', 2),
(17, 'Oriana Canejo ', '15111111111', 1),
(18, 'Olavo Vasconcelos ', '16111111111', 2),
(19, 'Napoleão Ramallo ', '17116111111', 1),
(20, 'Mário Mascarenhas ', '18111112111', 2),
(21, 'Mileide Paiva ', '19032411111', 2),
(22, 'Manuela Cesário', '22444222229', 2),
(23, 'Mafalda García', '21222233111', 2),
(24, 'Lourenço Guerreiro', '22245411111', 1),
(25, 'Junior García', '23222115151', 2),
(26, 'Guiomar Caballero', '24561611222', 2),
(27, 'Gilda Quental', '25561366331', 2),
(28, 'Luz Honório Lima', '26222333222', 2),
(29, 'Jaci Torcato', '27474322255', 2),
(30, 'Inês Estévez', '28547475474', 2),
(31, 'Jandaíra Ulloa ', '29000999999', 2),
(32, 'Flor Curado', '30000666063', 1),
(33, 'Floripes Amado', '31000666063', 2),
(34, 'Jordana Lustosa', '32000666063', 2),
(35, 'Filomena Viveiros', '33000666063', 1),
(36, 'Josefa Ruas', '34000666063', 1),
(37, 'Délia Tavera', '35765856865', 1),
(38, 'Diana Simón', '36765856865', 1),
(39, 'Derli Aranha', '37765856865', 2),
(40, 'Clara Monforte', '38765856865', 1),
(41, 'Carolina Espargosa', '39765856865', 2),
(42, 'Adélia Lemes', '73372249504', 1),
(43, 'Anabela Pessanha', '82014386579', 2),
(44, 'Andreia Dorneles', '58526964143', 2),
(45, 'Angélica Durán', '83100007365', 2),
(46, 'Angélico Cunha', '14333123091', 1),
(47, 'Anita Canela', '17325453456', 1),
(48, 'Anita Granja', '36368287761', 2),
(49, 'Baltasar Barboza', '70502403399', 2),
(50, 'Barnabé Brião', '13373635212', 1),
(51, 'Berengária Valladares', '89540206214', 1),
(52, 'Bernardino Albuquerque', '30639314941', 2),
(53, 'Boaventura Brandão', '53038850447', 1),
(54, 'Boaventura Torcato', '76487913572', 1),
(55, 'Celestina Frota', '61147105003', 1),
(56, 'Celina Oiticica', '24855340235', 1),
(57, 'Crispim Louzada', '94522523233', 1),
(58, 'Elba Avelar', '42316635542', 2),
(59, 'Elisa Reyes', '91357727561', 1),
(60, 'Epifânia Estrela', '76176439378', 1),
(61, 'Estanislau Simão', '35508553759', 1),
(62, 'Eurico Zagallo', '44595683440', 1),
(63, 'Filena Quintanilha', '73965995696', 1),
(64, 'Firmino Zalazar', '54806173009', 1),
(65, 'Floriano Lóio', '64944932125', 2),
(66, 'Félix Reguera', '38264828026', 1),
(67, 'Gerardo Ferrón', '21159576665', 2),
(68, 'Gil Páez', '29137557908', 1),
(69, 'Gilberto Barroso', '66286008666', 2),
(70, 'Ginéculo Lousada', '36351250099', 1),
(71, 'Gisela Dorneles', '14688191560', 2),
(72, 'Honorina Monteiro', '83740011311', 1),
(73, 'Judite Xavier', '90043380443', 1),
(74, 'Juçara Canela', '96279166463', 2),
(75, 'Liliana Chávez', '46293596277', 1),
(76, 'Lourenço Butantã', '77721149581', 1),
(77, 'Luzia Lustosa', '34080306479', 1),
(78, 'Magali Vianna', '58350230107', 2),
(79, 'Magda Freire', '99218548584', 1),
(80, 'Mamede Bethecourt', '87241723645', 2),
(81, 'Manuel Vilanova', '48876786318', 1),
(82, 'Mariano Aguiar', '53949523737', 2),
(83, 'Marli Quintão', '96161450204', 1),
(84, 'Milena Capucho', '49057180066', 2),
(85, 'Mécia Diegues', '31484074623', 2),
(86, 'Mônica   Brás', '31274057872', 2),
(87, 'Noémia Mendes', '66289636498', 1),
(88, 'Ondina Castillo', '20735020865', 1),
(89, 'Paula Jardim', '64994139387', 1),
(90, 'Plínio Ourique', '32904912355', 1),
(91, 'Políbio Collaço', '14072658771', 1),
(92, 'Priscila Félix', '83585138899', 2),
(93, 'Quintilien Farinha', '13520409606', 2),
(94, 'Quirina Marinho', '92715946952', 1),
(95, 'Regina Pêssego', '96520690368', 1),
(96, 'Rodolfo Carvalhosa', '12311227698', 2),
(97, 'Rodolfo Felgueiras', '81789552349', 1),
(98, 'Rogério Galvão', '74014079917', 1),
(99, 'Rosalina Garrido', '79101099606', 1),
(100, 'Rute Ruela', '93406260943', 1),
(101, 'Rómulo Brião', '61432517095', 1),
(102, 'Rômulo   Magallanes', '10276077565', 1),
(103, 'Salomé Farinha', '44190579571', 2),
(104, 'Salvador Madureira', '73326522127', 1),
(105, 'Salvina Santana', '18958249081', 2),
(106, 'Samuel Loureiro', '80425523761', 1),
(107, 'Sidônio   Cunha', '91528319638', 1),
(108, 'Sonás Sarabia', '82877884399', 1),
(109, 'Suniário Mieiro', '22965674676', 1),
(110, 'Sílvia Ventura', '96721653381', 1),
(111, 'Tarrataca Covinha', '95548057746', 2),
(112, 'Taíssa Viégas', '58069380774', 1),
(113, 'Telma Mirandela', '65666016243', 1),
(114, 'Tobias Becerril', '28234118509', 2),
(115, 'Viridiana Cisneiros', '30305791407', 2),
(116, 'Viviana Saldaña', '47993337780', 2),
(117, 'Zidane Robalo', '16904764101', 1),
(118, 'Zoe Angelim', '17070413662', 2),
(119, 'Zubaida Briones', '40182377089', 2),
(120, 'Énia Torcato', '37634865370', 1),
(121, 'Acacio Canário', '60883696558', 2),
(122, 'Adolfo Marrero', '16832196011', 2),
(123, 'Anind Antas', '88983034215', 1),
(124, 'Anind Macena', '37723863706', 1),
(125, 'Apuã Franco', '62377286409', 1),
(126, 'Armando Pestana', '55531326268', 1),
(127, 'Armindo Pederneiras', '78984199612', 2),
(128, 'Arnaldo Varanda', '14233982087', 1),
(129, 'Aurélia Madeira', '42589218251', 2),
(130, 'Belmifer Manso', '15244093564', 1),
(131, 'Benedito Mansilla', '52390990117', 1),
(132, 'Blasco Sardina', '29814314975', 1),
(133, 'Boaventura Farias', '80183237123', 1),
(134, 'Branca Alcantara', '39582740192', 2),
(135, 'Bruna Ferraço', '71306837817', 1),
(136, 'Bruna Luz', '61992978967', 1),
(137, 'Cecília Coimbra', '23742738698', 1),
(138, 'Celso Chousa', '89822323627', 1),
(139, 'Cid Avelar', '42384292812', 1),
(140, 'Claudemira Cabreira', '96105481853', 2),
(141, 'Claudemiro Granjeia', '85052378499', 2),
(142, 'David Montero', '50123334545', 1),
(143, 'Dina Brandán', '23943964869', 1),
(144, 'Délia Castelhano', '38977441388', 2),
(145, 'Epaminondas Tristán', '32563944010', 1),
(146, 'Eulália Mansilla', '49963569999', 2),
(147, 'Fabiana Aleixo', '21809730730', 2),
(148, 'Faustino Holanda', '74656841473', 2),
(149, 'Filinto Pitanga', '49750858564', 1),
(150, 'Filipa Cesário', '38584550215', 2),
(151, 'Florbela Tabalipa', '19699597501', 1),
(152, 'Floripes Guedez', '20059119605', 2),
(153, 'Floripes Méndez', '98274911154', 1),
(154, 'Frutuoso Pardo', '80908238074', 2),
(155, 'Fábio Corrêa', '95140668639', 1),
(156, 'Gerardo Quinta', '51958688969', 1),
(157, 'Germana Motta', '49461985581', 1),
(158, 'Heitor Olaio', '61714167865', 1),
(159, 'Hermano Cayubi', '70422367877', 1),
(160, 'Hernâni Macena', '10633806773', 2),
(161, 'Honorina Canário', '83786162930', 2),
(162, 'Inaiá Aragão', '65244328008', 1),
(163, 'Irene Sant''Anna', '90214025710', 1),
(164, 'Iva Fróis', '79072312466', 2),
(165, 'Jacinto Fonseca', '80384478606', 2),
(166, 'Jerónimo, Jerônimo Canedo', '30838971116', 2),
(167, 'Joel Lencastre', '49836342644', 1),
(168, 'Lara Tristão', '81812595011', 1),
(169, 'Leonor Collaço', '88830075645', 2),
(170, 'Leopoldina Ferraço', '15264227329', 1),
(171, 'Levi Cabreira', '96079072627', 2),
(172, 'Liana Poças', '80841316811', 1),
(173, 'Lopo Jesús', '82974139275', 1),
(174, 'Lorena Graça', '88712149474', 2),
(175, 'Luana Herrera', '31183732804', 1),
(176, 'Lucinda Figueira', '31069730057', 2),
(177, 'Marcelo Sobral', '19193069453', 1),
(178, 'Marcos Malheiro', '85828914111', 1),
(179, 'Mauro Godói', '60209749980', 2),
(180, 'Miriam Ornellas', '73418108918', 2),
(181, 'Odilia Sousa de Arronches', '85383943704', 2),
(182, 'Olívia Alcántara', '59145966471', 1),
(183, 'Patrício Carijó', '99609073996', 1),
(184, 'Porfírio Ilha', '43878387655', 1),
(185, 'Quirino Cortesão', '32996923386', 1),
(186, 'Rafael Garrau', '20963403020', 1),
(187, 'Ramiro Faustino', '73220256824', 1),
(188, 'Ramão Jesús', '48683510218', 2),
(189, 'Rodolfo Nieves', '99574639781', 2),
(190, 'Salvina Estrada', '75943043974', 2),
(191, 'Selma Rodovalho', '46188106513', 1),
(192, 'Suniário Quirino', '56820845715', 2),
(193, 'Tadeu Nazário', '42150121750', 2),
(194, 'Talita Arantes', '91797853381', 1),
(195, 'Telma Canadas', '34364403469', 2),
(196, 'Teresa Pimienta', '95447887521', 1),
(197, 'Tânia Sucupira', '39754981358', 2),
(198, 'Valdemar Lacerda', '55580182733', 2),
(199, 'Verônica   Meira', '80565502575', 1),
(200, 'Angela Nascimento', '85348130952', 1),
(201, 'Adelina Almeida', '46817639017', 2),
(202, 'Adolfo Ornellas', '23564877849', 2),
(203, 'Adérito Távora', '17076203086', 2),
(204, 'Aleixo Ferraço', '48084356948', 1),
(205, 'Almerinda Mattozo', '87675524313', 2),
(206, 'Almor Carrasco', '89731686658', 1),
(207, 'Amadeu Querino', '96976298253', 2),
(208, 'Amandio Brum', '18344472492', 1),
(209, 'Amandio Caldas', '33501236398', 2),
(210, 'Américo Fidalgo', '64335377237', 2),
(211, 'Andreoleto Torcato', '90527754604', 2),
(212, 'André Vasconcellos', '98976775688', 1),
(213, 'Angelina Cambaúva', '73670157819', 2),
(214, 'Aniano Lucas', '46273964522', 2),
(215, 'Apoena Alencar', '82450350424', 2),
(216, 'Arachane Azenha', '90601392045', 1),
(217, 'Araribóia Zalazar', '45784326664', 1),
(218, 'Armanda Pasos', '48908988169', 1),
(219, 'Belchior Canedo', '67740160696', 2),
(220, 'Belmiro Duarte', '40662138199', 2),
(221, 'Benedito Britto', '91130831030', 2),
(222, 'Berengário Muñiz', '30073603901', 1),
(223, 'Bibiana Assumpção', '66050641720', 2),
(224, 'Bibiana Valido', '89112266181', 1),
(225, 'Blasco Pinhal', '79106513624', 1),
(226, 'Blasco Queiroz', '76804336393', 1),
(227, 'Branco Pessanha', '96892879332', 1),
(228, 'Burtira Arruda', '90516612630', 1),
(229, 'Caetana Figueira', '10175332225', 2),
(230, 'Calisto Pavía', '97847366499', 2),
(231, 'Camilo Diegues', '30720319612', 2),
(232, 'Carine Belmonte', '60516908367', 2),
(233, 'Carine Medina', '46026961684', 2),
(234, 'Carlos Parracho', '44383614332', 2),
(235, 'Cauê Castellano', '41066708498', 1),
(236, 'Cauê Quadros', '47241735690', 2),
(237, 'Celeste Alancastro', '44294397199', 2),
(238, 'Celina Godinho', '88984495087', 2),
(239, 'Celina Méndez', '58967358602', 2),
(240, 'Clara Muñiz', '39686831001', 1),
(241, 'Cláudia Prudente', '59455756863', 1),
(242, 'César Castelbranco', '41939855486', 2),
(243, 'David Garcia', '58244620491', 2),
(244, 'Denise Coimbra', '17419196480', 1),
(245, 'Derli Cotrim', '93783861973', 1),
(246, 'Diana Milheiro', '24403204115', 1),
(247, 'Diana Tamoio', '27753769962', 2),
(248, 'Dina Oleiro', '49465907691', 1),
(249, 'Domingos Peseiro', '76168768993', 1),
(250, 'Domingos Quaresma', '38584384181', 1),
(251, 'Domingos Sacadura', '75375047422', 2),
(252, 'Doroteia Liberato', '51833600044', 2),
(253, 'Edmundo Prudente', '69213722694', 2),
(254, 'Eduardo Freiria', '61386566534', 1),
(255, 'Elias Domínguez', '87189217618', 2),
(256, 'Elisa Cortês', '86690518359', 1),
(257, 'Elisabete Braga', '56910451771', 2),
(258, 'Eládio Nieto', '20292272329', 2),
(259, 'Emiliana Carreiro', '67270110303', 2),
(260, 'Enilda Gomide', '64091943257', 1),
(261, 'Enilda Guzmán', '37287255044', 1),
(262, 'Epifânia Benevides', '51311105535', 1),
(263, 'Esmeralda Jardim', '82458247133', 2),
(264, 'Esperança Meirelles', '54322584864', 1),
(265, 'Estefânia Bencatel', '72454481929', 1),
(266, 'Estêvão Homem', '84592964125', 2),
(267, 'Estêvão Quintella', '27670701046', 2),
(268, 'Eusébio Damazio', '37385589266', 2),
(269, 'Eva Sobral', '20477994892', 2),
(270, 'Evandro Rua', '84209316998', 2),
(271, 'Fabiano Quinzeiro', '22142501700', 2),
(272, 'Faustino Quintella', '69059094702', 2),
(273, 'Fernando Modesto', '92975534071', 2),
(274, 'Fernão Fogassa', '22147415754', 2),
(275, 'Filinto Saraiva', '84261318095', 2),
(276, 'Filipe Bernárdez', '22741905585', 2),
(277, 'Filipe Pirajá', '20006966779', 1),
(278, 'Fiona Estrela', '28019767187', 1),
(279, 'Flora Aragão', '76130808362', 2),
(280, 'Florinda Ignacio', '79168404858', 2),
(281, 'Florêncio Cezimbra', '30216620963', 2),
(282, 'Flávio Areosa', '67563730906', 1),
(283, 'Francisco Peseiro', '82340228797', 2),
(284, 'Fábia Paranaguá', '31826140940', 2),
(285, 'Fátima Sucupira', '51538794597', 2),
(286, 'Félix Fernandes', '76615937621', 2),
(287, 'Gabriel Sequeira', '11495850035', 1),
(288, 'Gabriela Quintanilla', '24797272376', 2),
(289, 'Garibaldo Vasconcelos', '86647845275', 2),
(290, 'Gaspar Brum', '72867334181', 2),
(291, 'Gedeão Cortês', '13056162345', 2),
(292, 'Germana Cambaúva', '89736448091', 1),
(293, 'Gerusa Valentim', '61221688699', 2),
(294, 'Gilberto Nieves', '17650793155', 2),
(295, 'Gina Oleiro', '86060855260', 1),
(296, 'Glória Castellano', '72893979278', 1),
(297, 'Godofredo Collaço', '14081658052', 1),
(298, 'Godofredo Piñero', '23030093732', 2),
(299, 'Graciano Eanes', '45531160940', 1),
(300, 'Graça Imperial', '54574893464', 2),
(301, 'Gualdim Vilar', '51264371924', 1),
(302, 'Gueda Sobreira', '24462278388', 1),
(303, 'Gávio Espírito Santo', '34665308902', 1),
(304, 'Henrique Ataíde', '11748904990', 1),
(305, 'Henrique Café', '93747365043', 1),
(306, 'Hipólito Imbassaí', '36752537028', 2),
(307, 'Honorina Carvalheira', '32420230108', 2),
(308, 'Ilduara Belchiorinho', '61070481499', 1),
(309, 'Inês Vigário', '66759543724', 2),
(310, 'Iolanda Valverde', '80981351246', 1),
(311, 'Isidro Antúnez', '73415457392', 1),
(312, 'Israel Lins', '53359012424', 2),
(313, 'Iva Salgado', '57708632448', 1),
(314, 'Ivete Rodovalho', '12676394900', 2),
(315, 'Jacir Rios', '24368025641', 2),
(316, 'Jaime Quintanilha', '63860872938', 2),
(317, 'Jandaíra Valerio', '37580114686', 2),
(318, 'Jonas Zagalo', '90432862904', 1),
(319, 'Jorge Vigário', '23335668617', 2),
(320, 'João Carrasqueira', '77170102900', 2),
(321, 'Juliano Carvalhaes', '90211295994', 2),
(322, 'Justino Terra', '13964630138', 1),
(323, 'Jéssica Mederos', '96019804829', 1),
(324, 'Laís Castello Branco', '68642084779', 2),
(325, 'Lino Cotegipe', '91712692628', 1),
(326, 'Luciano Taveira', '95419758872', 2),
(327, 'Lázaro Mascareñas', '18478480264', 2),
(328, 'Lídia Soeiro', '75011638791', 1),
(329, 'Mamede Dinis', '39970473360', 2),
(330, 'Marcela Viera', '28935532941', 1),
(331, 'Marcelo Póvoas', '76530136344', 1),
(332, 'Marcos Brandão', '41286399182', 2),
(333, 'Margarida Caetano', '75982841317', 1),
(334, 'Marisa Vázquez', '90686366885', 1),
(335, 'Marlene Mata', '58084940609', 1),
(336, 'Marli Prudente', '28683267167', 1),
(337, 'Mauro Coello', '21540911664', 1),
(338, 'Maíra Covinha', '62898466392', 1),
(339, 'Melissa Queiroz', '23337232239', 1),
(340, 'Micael Cardoso', '58392631356', 1),
(341, 'Micaela Monsanto', '77397617468', 2),
(342, 'Miriam Ribas', '43432733837', 1),
(343, 'Moaci Pavía', '42044409793', 2),
(344, 'Moaci Valgueiro', '48996260440', 1),
(345, 'Moisés Cervera', '96519353859', 2),
(346, 'Morgana Collaço', '42689118693', 1),
(347, 'Mécia Infante', '35628561471', 1),
(348, 'Nelson Teles', '68748428936', 2),
(349, 'Neusa Figueroa', '68792464318', 2),
(350, 'Neusa Silvestre', '78556406949', 2),
(351, 'Nivaldo Lozada', '62209854796', 1),
(352, 'Oliveira Higuera', '18466252646', 2),
(353, 'Ondina Lampreia', '48154044583', 1),
(354, 'Otávio Mendoza', '33024070457', 1),
(355, 'Palmiro Santarém', '64692455908', 1),
(356, 'Pascoal Vieyra', '62946224549', 1),
(357, 'Paula Jordán', '82879434857', 1),
(358, 'Poliana Eiró', '73204532499', 2),
(359, 'Priscila Hilário', '37465138863', 2),
(360, 'Quintiliana Lacerda', '72705546931', 2),
(361, 'Quintino Ramos', '85513194630', 1),
(362, 'Quitéria Júdice', '28445435143', 2),
(363, 'Ramão Martins', '41772865135', 1),
(364, 'Raoni Valverde', '83040533921', 2),
(365, 'Reginaldo Imbassaí', '41632779909', 1),
(366, 'Reinaldo Negromonte', '37262318079', 2),
(367, 'Renata Peseiro', '59746988604', 2),
(368, 'Rita Otero', '76546326433', 2),
(369, 'Rodolfo Moreyra', '33660586625', 2),
(370, 'Rosalinda Goulart', '68038911095', 2),
(371, 'Rómulo Maior', '45982751644', 2),
(372, 'Salomão Prudente', '54314376346', 2),
(373, 'Silvano Raminhos', '37358429797', 2),
(374, 'Sofia Leme', '62223933693', 2),
(375, 'Solano Rua', '61668787897', 1),
(376, 'Sonás Abelho', '76669999340', 1),
(377, 'Sónia Eanes', '30924494296', 2),
(378, 'Sónia Quirós', '40117927703', 1),
(379, 'Talita Patrício', '73543755585', 2),
(380, 'Telma Ribas', '42852383184', 2),
(381, 'Teodora Franco', '78387175973', 2),
(382, 'Timóteo Chaves', '51445177368', 1),
(383, 'Tomás Barrios', '30239528513', 2),
(384, 'Tânia Jatobá', '93139542718', 2),
(385, 'Tércio Enríquez', '83007373169', 2),
(386, 'Udo Almeida', '47021607058', 1),
(387, 'Urbano Calheiros', '75292164152', 1),
(388, 'Valdeci Durão', '67576762924', 2),
(389, 'Valéria Mascareñas', '63912992572', 2),
(390, 'Vanessa Lins', '85828317975', 1),
(391, 'Virgília Calheiros', '27794879059', 1),
(392, 'Viridiano Ferro', '14604775135', 2),
(393, 'Ximeno Assunção', '95803399360', 2),
(394, 'Zoraide Lemes', '72156073615', 2),
(395, 'Zoraide Terra', '68212348315', 1),
(396, 'Zuleica Mascarenhas', '64975609265', 2),
(397, 'Zuleide Rangel', '19031628156', 2),
(398, 'Zuriel Figueira', '89815356333', 2),
(399, 'Érico Ramos', '99960089975', 2),
(400, 'Óscar Paranaguá', '84407558911', 2),
(401, 'Juliana Lima', '32355779100', 3),
(402, 'Gustavo Richard', '23355771100', 3),
(403, 'Amanda Henriques', '67263072479', 3),
(404, 'Julia Villela', '49451715662', 3),
(405, 'Gaby Baião', '62049642443', 3),
(406, 'João Queiroz', '27438799150', 3),
(407, 'Luis Mortágua', '25927026209', 3),
(408, 'Felipe Silva', '17642479942', 3),
(409, 'Carina Brás', '20468716975', 3),
(410, 'Joana Castello Branco', '64074046139', 3),
(411, 'Rafaela Damazio', '74173433754', 3),
(412, 'Gustavo Estrela', '11550238833', 3),
(413, 'Douglas Damazio', '74601278003', 3),
(414, 'Lucíano Peláez', '34495471769', 3);


INSERT INTO `Professor` (`cod_pessoa`, `rg`, `cpf`, `titulo`) VALUES
(2, '209790491', '71434095569', 'Mestrado em Português'),
(3, '389488130', '74994320039', 'Bacharel em Filosofia'),
(8, '898911651', '93303841199', 'Doutorado em História'),
(12, '920932705', '12840386711', 'Mestrado em Biologia'),
(13, '378087002', '64969306139', 'Mestrado em Física'),
(20, '709808479', '43628208846', 'Mestrado em Geografia'),
(22, '335076809', '52491333748', 'Doutorado em Química'),
(28, '730893073', '14778601945', 'Mestrado em Física'),
(29, '794890701', '48678961906', 'Bacharel em História'),
(33, '304192020', '34010093735', 'Doutorado em Português'),
(34, '112284689', '55951386845', 'Doutorado em Filosofia'),
(40, '792920620', '38412862768', 'Doutorado em Anarquia'),
(60, '747102113', '85295622425', 'Doutorado em Filosofia'),
(63, '331104422', '32899846233', 'Mestrado em Química'),
(71, '703721361', '50627774789', 'Bacharel em Geografia'),
(75, '894512443', '75422225673', 'Mestrado em Física'),
(76, '154008502', '24951430565', 'Mestrado em Matemática'),
(88, '258875688', '91439700836', 'Mestrado em Anarquia'),
(92, '623954854', '69822632769', 'Doutorado em Química'),
(96, '845774664', '43917799194', 'Doutorado em Geografia'),
(99, '176707980', '22219751215', 'Doutorado em Português'),
(104, '616406924', '25531205677', 'Doutorado em Sociologia'),
(107, '746793628', '56480836274', 'Bacharel em Sociologia'),
(116, '249537584', '29273962519', 'Mestrado em Biologia'),
(128, '227339990', '92642973586', 'Mestrado em Biologia'),
(133, '815691347', '48486761282', 'Doutorado em Física'),
(134, '990624120', '86121175931', 'Mestrado em Português'),
(136, '620438219', '64550027442', 'Bacharel em Anarquia'),
(144, '387810505', '88108185286', 'Bacharel em Matemática'),
(145, '119306398', '80578872026', 'Doutorado em Filosofia'),
(146, '292842930', '80147228626', 'Bacharel em Anarquia'),
(151, '945607691', '63294882295', 'Bacharel em Química'),
(156, '299130278', '92091133066', 'Doutorado em Matemática'),
(158, '916181400', '26630752955', 'Bacharel em Sociologia'),
(160, '572198258', '85455443546', 'Mestrado em História'),
(165, '184459178', '59721501813', 'Mestrado em Geografia'),
(170, '718470463', '84679773672', 'Doutorado em Biologia'),
(193, '597057225', '25386837479', 'Bacharel em História'),
(198, '740768026', '95882428667', 'Mestrado em Matemática'),
(199, '792412344', '65201284616', 'Doutorado em Sociologia'),
(201, '801876356', '14565489035', 'Bacharel em Geografia'),
(205, '602053774', '42916072281', 'Doutorado em Física'),
(207, '489943304', '77293513312', 'Doutorado em Filosofia'),
(209, '254129188', '50720737756', 'Doutorado em História'),
(214, '421141611', '80586385732', 'Bacharel em Português'),
(215, '707741661', '72692103298', 'Mestrado em Sociologia'),
(218, '726742740', '14287703782', 'Doutorado em História'),
(220, '296887208', '92133627303', 'Mestrado em Anarquia'),
(221, '359286696', '38978502871', 'Bacharel em Filosofia'),
(230, '791249613', '10368459512', 'Bacharel em Filosofia'),
(233, '289398325', '42572787781', 'Bacharel em Português'),
(238, '490075138', '41825823162', 'Bacharel em Anarquia'),
(243, '836644728', '89745214503', 'Mestrado em Matemática'),
(251, '955703200', '34369985656', 'Mestrado em História'),
(262, '842060742', '18240554228', 'Mestrado em Filosofia'),
(267, '793544879', '19101520216', 'Bacharel em Sociologia'),
(270, '988278436', '39427230576', 'Bacharel em Anarquia'),
(273, '131671781', '21481606567', 'Doutorado em Português'),
(286, '844605068', '28128099264', 'Mestrado em Matemática'),
(287, '983646691', '40191330833', 'Mestrado em Sociologia'),
(290, '564763389', '61263676465', 'Mestrado em Química'),
(291, '953205749', '32379509186', 'Doutorado em Física'),
(298, '524181875', '60036972286', 'Mestrado em Português'),
(300, '207813010', '55802290217', 'Bacharel em Biologia'),
(302, '578466861', '46931541090', 'Doutorado em Química'),
(306, '118426082', '69095006103', 'Bacharel em Química'),
(316, '761546470', '38954137216', 'Doutorado em Física'),
(323, '391845042', '84869698878', 'Bacharel em Biologia'),
(329, '455162554', '46757994713', 'Bacharel em Matemática'),
(334, '391952781', '92448886674', 'Doutorado em Geografia'),
(338, '326436171', '98122649428', 'Mestrado em Biologia'),
(340, '991844167', '42438735470', 'Mestrado em Física'),
(342, '395531377', '41934108066', 'Doutorado em Geografia'),
(343, '533008561', '64657745340', 'Mestrado em Matemática'),
(351, '190246244', '48855587843', 'Doutorado em História'),
(361, '490809752', '45060091259', 'Doutorado em Sociologia'),
(376, '860016549', '48537460040', 'Doutorado em Anarquia'),
(380, '273994648', '42870816545', 'Mestrado em Química'),
(394, '797177425', '80809341554', 'Doutorado em Biologia'),
(395, '783137188', '55994873832', 'Mestrado em Geografia'),
(401, '266270344', '36978958779', 'Doutorado em Pedagogia'),
(402, '286627034', '16178958773', 'Bacharel em Pedagogia');


INSERT INTO `Escola` (`codigo`, `nome`, `cod_cidade`, `cod_professor`) VALUES
(1, 'Colégio Pedro II', 1, 128),
(2, 'Miguel Couto', 2, 145),
(3, 'Colégio Meninos da Serra', 3, 401);


INSERT INTO `Turma` (`codigo`, `nome`, `cod_escola`) VALUES
(1, '1 ano - manhã', 1),
(2, '1 ano - manhã', 1),
(3, '2 ano - manhã', 1),
(4, '1 ano - tarde', 1),
(5, '2 ano - tarde', 1),
(6, '3 ano - tarde', 1),
(7, '2 ano - noite', 1),
(8, '3 ano - noite', 1),
(9, '1 ano - manhã', 2),
(10, '1 ano - manhã', 2),
(11, '2 ano - manhã', 2),
(12, '1 ano - tarde', 2),
(13, '2 ano - tarde', 2),
(14, '3 ano - tarde', 2),
(15, '2 ano - noite', 2),
(16, '3 ano - noite', 2),
(17, '1 ano - manhã', 2),
(18, '1 ano - manhã', 2),
(19, '2 ano - manhã', 2),
(20, '1 ano - tarde', 2),
(21, '2 ano - tarde', 2),
(22, '3 ano - tarde', 2),
(23, '2 ano - noite', 2),
(24, '3 ano - noite', 2),
(25, '1 ano - manhã', 2),
(26, '1 ano - manhã', 2),
(27, '2 ano - manhã', 2),
(28, '1 ano - tarde', 2),
(29, '2 ano - tarde', 2),
(30, '3 ano - tarde', 2),
(31, '2 ano - noite', 2),
(32, '3 ano - noite', 2),
(33, '1 ano - manhã', 2),
(34, '1 ano - manhã', 2),
(35, '2 ano - manhã', 2),
(36, '1 ano - tarde', 2),
(37, '2 ano - tarde', 2),
(38, '3 ano - tarde', 2),
(39, '2 ano - noite', 2),
(40, '3 ano - noite', 2),
(41, '1° Ano Fundamental', 3),
(42, '2° Ano Fundamental', 3);


INSERT INTO `Aluno` (`cod_pessoa`, `matricula`, `dt_nascimento`, `cod_turma`) VALUES
(1, 180732, '2000-01-09', 7),
(4, 727358, '1997-06-20', 4),
(5, 663026, '1997-02-14', 2),
(6, 573965, '2000-05-25', 3),
(7, 720683, '2000-08-13', 1),
(9, 305235, '1997-08-07', 7),
(10, 604950, '2000-11-23', 1),
(11, 593748, '2001-05-02', 2),
(14, 453701, '1998-04-11', 7),
(15, 448334, '2000-05-12', 33),
(16, 598439, '1997-04-05', 5),
(17, 287344, '1999-06-12', 1),
(18, 794131, '1999-05-13', 6),
(19, 746783, '2001-07-22', 25),
(21, 648342, '2001-09-29', 8),
(23, 626174, '1999-02-14', 36),
(24, 413532, '1998-10-22', 5),
(25, 754682, '2001-01-06', 4),
(26, 390630, '1997-07-15', 4),
(27, 864917, '1998-04-29', 6),
(30, 748302, '1997-09-22', 25),
(31, 574579, '2000-10-23', 7),
(32, 915204, '1999-05-24', 25),
(35, 359138, '2001-08-12', 25),
(36, 828714, '2001-04-03', 1),
(37, 954573, '2001-09-25', 5),
(38, 677910, '1999-05-21', 3),
(39, 773451, '1997-11-13', 3),
(41, 210978, '2001-03-15', 4),
(42, 791975, '1998-08-02', 8),
(43, 729116, '2001-07-08', 7),
(44, 299306, '1998-06-17', 2),
(45, 420784, '2000-05-11', 5),
(46, 420184, '1997-09-29', 2),
(47, 507065, '2000-04-16', 7),
(48, 447535, '2001-02-06', 6),
(49, 619270, '2001-03-07', 8),
(50, 562786, '2000-02-01', 8),
(51, 298971, '1997-06-18', 2),
(52, 851431, '2000-11-16', 3),
(53, 432502, '1998-09-21', 2),
(54, 192629, '2001-07-16', 4),
(55, 476865, '1998-03-20', 4),
(56, 354063, '1997-04-07', 4),
(57, 318643, '1997-10-17', 6),
(58, 678333, '1999-11-27', 4),
(59, 818645, '1998-07-04', 5),
(61, 585500, '2001-09-13', 4),
(62, 536194, '2001-02-13', 7),
(64, 168168, '2001-11-17', 8),
(65, 860397, '1999-04-24', 5),
(66, 591579, '2001-01-27', 6),
(67, 650809, '2000-06-12', 7),
(68, 366281, '1998-03-28', 5),
(69, 812386, '1999-12-20', 3),
(70, 131059, '2001-07-03', 8),
(72, 853813, '1998-06-22', 1),
(73, 745110, '2000-02-28', 4),
(74, 546765, '1997-11-10', 8),
(77, 497730, '2001-02-27', 5),
(78, 389369, '2000-11-11', 8),
(79, 390688, '1998-10-19', 6),
(80, 870219, '2001-02-10', 3),
(81, 384603, '2001-01-19', 6),
(82, 209257, '1997-03-10', 4),
(83, 538103, '1997-01-29', 6),
(84, 990670, '1998-09-09', 1),
(85, 274873, '1998-08-16', 8),
(86, 943752, '1998-11-04', 3),
(87, 661712, '1997-12-29', 7),
(89, 331449, '1997-04-08', 4),
(90, 359400, '2001-11-27', 3),
(91, 826341, '1999-10-19', 3),
(93, 414655, '1999-01-22', 8),
(94, 606721, '2001-04-15', 6),
(95, 556589, '1999-10-26', 7),
(97, 355541, '1999-01-15', 8),
(98, 583250, '2001-06-17', 1),
(100, 737490, '1998-08-12', 3),
(101, 297263, '1999-12-02', 5),
(102, 787662, '1999-11-21', 6),
(103, 711927, '1999-12-02', 7),
(105, 973612, '1997-09-29', 3),
(106, 845295, '1998-01-18', 6),
(108, 184919, '2000-03-26', 1),
(109, 779892, '2001-04-18', 3),
(110, 455173, '1997-03-19', 2),
(111, 706284, '2000-10-01', 7),
(112, 309806, '2000-11-26', 8),
(113, 290299, '1999-06-01', 8),
(114, 325302, '2000-01-13', 1),
(115, 452724, '1999-11-22', 1),
(117, 718996, '1997-01-16', 4),
(118, 191551, '1999-01-19', 1),
(119, 722635, '2001-04-06', 4),
(120, 297248, '1998-08-23', 2),
(121, 712147, '2000-08-16', 6),
(122, 409187, '2001-07-02', 2),
(123, 300699, '2001-07-06', 2),
(124, 884480, '2000-03-26', 2),
(125, 918454, '1997-08-27', 6),
(126, 802831, '1999-11-17', 7),
(127, 805636, '1998-05-14', 3),
(129, 838216, '1997-06-03', 5),
(130, 574531, '1998-05-12', 5),
(131, 942698, '2001-11-21', 1),
(132, 464675, '2001-07-01', 3),
(135, 313407, '1997-09-09', 6),
(137, 149921, '1997-01-22', 6),
(138, 913793, '2000-11-24', 2),
(139, 538614, '1999-02-21', 5),
(140, 773332, '2001-11-23', 5),
(141, 378698, '2001-09-10', 2),
(142, 709133, '2001-12-19', 7),
(143, 303151, '2000-01-08', 4),
(147, 292158, '2001-09-26', 5),
(148, 207669, '1999-09-08', 5),
(149, 644927, '1999-12-16', 1),
(150, 138454, '1999-07-28', 7),
(152, 296500, '2001-01-03', 3),
(153, 703391, '1999-11-06', 2),
(154, 834810, '1998-03-17', 4),
(155, 639519, '1997-07-17', 4),
(157, 574061, '2001-11-16', 8),
(159, 182124, '1998-07-09', 6),
(161, 603227, '1999-07-26', 2),
(162, 704234, '2001-02-25', 2),
(163, 180966, '1999-11-12', 7),
(164, 139236, '1999-10-05', 5),
(166, 348320, '1997-05-23', 4),
(167, 212081, '2001-06-22', 7),
(168, 651704, '1997-04-12', 5),
(169, 799658, '1999-12-26', 2),
(171, 493419, '1999-08-04', 1),
(172, 260918, '1998-05-01', 5),
(173, 486860, '2001-03-23', 3),
(174, 911416, '2001-03-26', 4),
(175, 593164, '1999-10-02', 6),
(176, 191448, '2000-05-01', 7),
(177, 625149, '1998-08-01', 8),
(178, 595459, '2000-06-14', 6),
(179, 129668, '1999-05-23', 2),
(180, 249691, '2000-03-12', 4),
(181, 156034, '1998-05-13', 3),
(182, 492884, '1998-10-11', 1),
(183, 701622, '1999-12-18', 1),
(184, 798834, '1999-01-17', 6),
(185, 206631, '1998-10-14', 8),
(186, 916314, '2000-02-29', 1),
(187, 922877, '1998-01-15', 7),
(188, 121937, '1998-06-03', 2),
(189, 869163, '1999-03-01', 2),
(190, 551442, '1997-12-07', 4),
(191, 497251, '1997-04-09', 5),
(192, 811868, '1997-05-27', 5),
(194, 561841, '1998-01-04', 1),
(195, 974492, '2000-03-28', 6),
(196, 140522, '1997-07-02', 6),
(197, 172593, '1999-12-08', 8),
(200, 547769, '1997-04-19', 3),
(202, 263489, '2001-04-09', 10),
(203, 206605, '2001-03-18', 27),
(204, 537931, '2000-08-14', 29),
(206, 191518, '2001-02-02', 16),
(208, 802475, '1999-02-10', 31),
(210, 273152, '2000-07-03', 37),
(211, 300139, '1998-04-15', 31),
(212, 611687, '1999-06-16', 19),
(213, 681045, '1997-08-15', 34),
(216, 510077, '1998-11-22', 21),
(217, 645202, '1997-08-06', 28),
(219, 696113, '1998-07-13', 20),
(222, 757958, '2001-02-06', 23),
(223, 231189, '2000-11-22', 28),
(224, 181786, '2001-11-02', 24),
(225, 381568, '2000-04-06', 12),
(226, 933653, '1999-03-15', 27),
(227, 153998, '2000-02-26', 35),
(228, 860523, '2000-08-03', 32),
(229, 710978, '1999-06-21', 35),
(231, 198705, '1998-08-11', 11),
(232, 600868, '2001-02-10', 14),
(234, 385618, '1997-11-02', 25),
(235, 123709, '2000-04-13', 29),
(236, 824912, '1999-03-05', 14),
(237, 598483, '1998-04-16', 34),
(239, 509674, '1998-07-26', 30),
(240, 211150, '1999-04-26', 24),
(241, 170460, '2000-06-16', 38),
(242, 597382, '1997-09-02', 11),
(244, 113471, '2000-11-07', 37),
(245, 970002, '2000-10-16', 30),
(246, 141418, '1999-06-19', 30),
(247, 572262, '2000-05-21', 18),
(248, 482884, '1998-07-05', 20),
(249, 336353, '2000-06-03', 38),
(250, 301131, '1999-08-09', 14),
(252, 907092, '1999-11-10', 24),
(253, 601893, '1998-06-20', 34),
(254, 148716, '2000-12-04', 29),
(255, 994276, '2001-02-28', 10),
(256, 531580, '2001-09-07', 12),
(257, 588121, '2000-09-22', 37),
(258, 812680, '1999-02-11', 21),
(259, 848168, '1998-04-22', 15),
(260, 108858, '1998-11-23', 13),
(261, 195597, '1998-09-19', 16),
(263, 104488, '1998-12-14', 23),
(264, 239898, '1997-04-06', 20),
(265, 555791, '2001-01-04', 36),
(266, 586106, '1997-08-26', 31),
(268, 997488, '1997-04-25', 12),
(269, 834427, '2001-03-16', 29),
(271, 644876, '2001-12-12', 19),
(272, 651399, '2001-08-22', 26),
(274, 699586, '1998-08-26', 34),
(275, 309511, '2000-12-24', 16),
(276, 490451, '2000-06-17', 17),
(277, 913240, '1999-02-03', 26),
(278, 856168, '1999-01-02', 38),
(279, 943922, '2000-01-05', 20),
(280, 611884, '1998-10-09', 18),
(281, 516221, '1997-05-12', 37),
(282, 619427, '1997-12-21', 19),
(283, 278615, '1997-09-14', 11),
(284, 428254, '2001-05-16', 36),
(285, 843772, '1997-05-12', 23),
(288, 396079, '1997-12-04', 26),
(289, 245750, '1997-04-11', 32),
(292, 807335, '1998-06-23', 9),
(293, 184898, '1997-05-28', 30),
(294, 626171, '1998-09-18', 12),
(295, 903066, '2001-04-24', 11),
(296, 162819, '1998-03-25', 9),
(297, 940730, '1999-09-21', 39),
(299, 856822, '1999-03-24', 31),
(301, 535729, '1998-09-14', 15),
(303, 798088, '1997-12-23', 26),
(304, 645305, '1998-07-04', 17),
(305, 270389, '1999-01-10', 30),
(307, 565410, '1997-10-05', 34),
(308, 107818, '1998-09-28', 21),
(309, 542304, '2000-03-15', 32),
(310, 909294, '1999-06-12', 23),
(311, 462895, '2000-02-23', 17),
(312, 650458, '1999-02-24', 40),
(313, 733867, '1997-12-25', 40),
(314, 999699, '1998-04-13', 40),
(315, 723817, '1999-12-18', 28),
(317, 924535, '2001-04-17', 14),
(318, 134037, '1999-07-09', 19),
(319, 736049, '2001-12-24', 27),
(320, 465107, '1998-08-15', 26),
(321, 425998, '2001-09-17', 33),
(322, 100522, '2000-04-15', 38),
(324, 475868, '2000-07-13', 11),
(325, 900534, '1998-06-12', 22),
(326, 794986, '1997-06-16', 28),
(327, 233609, '2000-02-02', 9),
(328, 505062, '1998-11-23', 29),
(330, 530609, '1998-08-01', 39),
(331, 497144, '1999-09-25', 19),
(332, 305930, '2000-02-11', 24),
(333, 631346, '1999-12-16', 31),
(335, 815297, '2000-02-09', 14),
(336, 432633, '1997-12-19', 16),
(337, 691390, '1999-05-08', 23),
(339, 616372, '2000-05-13', 17),
(341, 648380, '1997-04-06', 33),
(344, 186706, '2000-11-10', 18),
(345, 328026, '2000-07-22', 24),
(346, 306738, '2001-08-17', 18),
(347, 242320, '2000-05-27', 27),
(348, 917403, '1998-06-17', 15),
(349, 505535, '2000-06-06', 21),
(350, 124371, '2001-10-26', 15),
(352, 778650, '2000-03-04', 33),
(353, 594431, '1999-12-09', 32),
(354, 386631, '2001-08-10', 10),
(355, 703621, '1997-03-10', 13),
(356, 220837, '1997-03-13', 35),
(357, 370448, '1998-02-01', 19),
(358, 997072, '1998-09-19', 28),
(359, 444698, '2000-04-26', 13),
(360, 737978, '2001-12-27', 39),
(362, 722061, '1998-12-17', 38),
(363, 921630, '2000-05-16', 26),
(364, 389414, '1997-12-23', 16),
(365, 299534, '2001-11-11', 11),
(366, 606032, '1997-07-22', 32),
(367, 290969, '1998-04-15', 20),
(368, 357973, '1999-04-23', 40),
(369, 643372, '2001-08-12', 27),
(370, 615954, '1998-06-11', 39),
(371, 844477, '1997-09-11', 27),
(372, 969892, '2000-02-06', 10),
(373, 870370, '1997-05-02', 14),
(374, 742190, '1998-06-08', 30),
(375, 521179, '1999-01-05', 31),
(377, 655403, '2000-08-01', 21),
(378, 586025, '2001-06-01', 29),
(379, 563302, '2001-08-10', 40),
(381, 871700, '2001-08-21', 34),
(382, 985062, '2001-05-13', 13),
(383, 390009, '2000-08-22', 22),
(384, 936702, '2001-07-08', 38),
(385, 555475, '2001-12-14', 21),
(386, 129883, '1997-08-16', 24),
(387, 237953, '2000-07-19', 35),
(388, 660496, '1998-09-05', 28),
(389, 798307, '1999-06-04', 32),
(390, 875304, '1998-10-23', 40),
(391, 936443, '2000-04-02', 20),
(392, 564202, '1999-11-27', 9),
(393, 438751, '2001-10-14', 22),
(396, 341173, '1999-10-16', 17),
(397, 649752, '2000-07-12', 37),
(398, 753975, '1997-09-14', 37),
(399, 226534, '1998-02-16', 35),
(400, 194920, '1999-03-04', 39),
(403, 498900, '2005-11-12', 41),
(404, 177925, '2005-08-22', 42),
(405, 471144, '2004-06-24', 42),
(406, 727171, '2004-07-25', 42),
(407, 618125, '2005-07-07', 41),
(408, 617768, '2004-09-14', 41),
(409, 845787, '2004-11-13', 42),
(410, 544285, '2004-12-16', 41),
(411, 454853, '2004-07-21', 41),
(412, 920293, '2004-04-05', 42),
(413, 361659, '2004-11-08', 42),
(414, 456214, '2004-05-22', 41);


INSERT INTO `Contato` (`nome`, `cod_aluno`, `telefone`) VALUES
('Abel Linares', 331, '87306048333'),
('Abraão Brasil', 1, '48004605818'),
('Abraão Brasil', 51, '53274144579'),
('Acacio Bicudo', 303, '47449982097'),
('Adalberto Castilhos', 369, '30835155742'),
('Adalberto Flores', 18, '54787062045'),
('Adélia Nieto', 196, '23501713764'),
('Adelina Carvalhoso', 184, '50043225223'),
('Adélio Amorín', 188, '67057945104'),
('Adélio Novaes', 86, '55115091405'),
('Adosindo Espargosa', 41, '62835236151'),
('Adriana Lobo', 257, '78533959702'),
('Afonso Madruga', 93, '24128007902'),
('Ágata Alcântara', 360, '52841723501'),
('Agostinho Britto', 81, '86199018046'),
('Aguinaldo Cavalheiro', 216, '50139410331'),
('Aguinaldo Conde', 194, '11491731773'),
('Aida Fontoura', 175, '78388410638'),
('Ajuricaba Regalado', 178, '17650861044'),
('Alarico Estrela', 132, '60343077471'),
('Alberta Borja', 254, '39631530980'),
('Alberto Quintero', 244, '23426712167'),
('Albino Colares', 268, '89375752387'),
('Albino Feijó', 391, '46788704246'),
('Albino Quinterno', 172, '41234788170'),
('Alcides Britto', 274, '90536482551'),
('Alda Homem', 253, '98931277800'),
('Alda Pessoa', 5, '97686215714'),
('Aldonça Palhares', 119, '35388076230'),
('Alexandre Bethecourt', 391, '20670013016'),
('Alfredo Peres', 269, '84565108406'),
('Alicia Salomón', 148, '99629061481'),
('Aline Márquez', 100, '74244357426'),
('Almerinda Murici', 183, '65793128189'),
('Almor Bahía', 150, '37599963699'),
('Almor Ipiranga', 292, '43455794894'),
('Almor Negrão', 17, '81318928458'),
('Aluísio Onofre', 123, '99724119415'),
('Aluísio Peseiro', 73, '58457907416'),
('Aluísio Sequera', 177, '53752733880'),
('Álvaro Rúa', 83, '96967472247'),
('Amadeu Carmona', 370, '95101647169'),
('Amália Valim', 275, '95540188647'),
('Amélia Veloso', 5, '56516205743'),
('Ana Collaço', 80, '76259797331'),
('Anabela Bahia', 67, '99669712379'),
('André Dutra', 79, '88467899458'),
('Andreia Granjeia', 179, '53649239888'),
('Angélica Linhares', 378, '91365866550'),
('Angélica Nascimento', 346, '54329572390'),
('Angélico Cascaes', 356, '39691174014'),
('Angelino Guimaraes', 175, '30013783419'),
('Anhangüera Caiado', 126, '63369106029'),
('Anhangüera Cisneiros', 378, '17287082443'),
('Anhangüera Valentín', 293, '79300533721'),
('Aniana Conde', 263, '50341706184'),
('Aniano Monjardim', 321, '67705083319'),
('Aníbal Viveros', 344, '87064944996'),
('Anind Rangel', 149, '63474621600'),
('Anind Rodrigues', 37, '76897931437'),
('Antão Malafaia', 368, '12994781842'),
('Antero Lira', 407, '82468641239'),
('Antero Tupinambá', 44, '35478221934'),
('Antónia Duarte', 345, '87585177147'),
('Antónia Guedez', 157, '69851665728'),
('Antonieta Monjardim', 142, '69582404505'),
('António Anlicoara', 9, '51313456781'),
('António Grillo', 102, '15284950764'),
('Apoena Gonçalves', 164, '43763585011'),
('Apoena Ramallo', 355, '89718236391'),
('Apuã Leal', 195, '51894013421'),
('Araribóia Ramires', 140, '87364668112'),
('Arcidres Barcelos', 72, '27131058512'),
('Arcidres Ferraço', 65, '33591794278'),
('Arcidres Rijo', 346, '35447218629'),
('Armindo Paranhos', 129, '47182525229'),
('Arnaldo Castaño', 255, '80408021099'),
('Arnaldo León', 57, '97872028313'),
('Arnaldo Rebouças', 211, '44370512930'),
('Artur Colaço', 206, '14482377198'),
('Artur Gago', 131, '76997268272'),
('Asi Garcés', 348, '82488673984'),
('Astolfo Quintero', 163, '90027042471'),
('Augusto Damazio', 89, '42339867912'),
('Augusto Horta', 222, '54586616030'),
('Augusto Pasos', 393, '73657961150'),
('Aurélio Castelo', 87, '36495616222'),
('Balduíno Cesário', 355, '34744040570'),
('Baltasar Braz', 280, '37950841134'),
('Baltasar Cabrera', 234, '54845774036'),
('Bárbara Sarmiento', 383, '99647126235'),
('Barnabé Noronha', 186, '33969169236'),
('Basilio Canário', 73, '30766492664'),
('Beatriz Monte', 360, '57059100508'),
('Belchior Marins', 250, '86289778765'),
('Belmifer Rodovalho', 197, '85906028447'),
('Belmira Carrilho', 152, '16651410555'),
('Belmira Mansilha', 312, '12793226280'),
('Bento Villalobos', 113, '32679056232'),
('Bernardete Belém', 47, '61470557620'),
('Bernardete Ulhoa', 48, '41507635245'),
('Bernardina Milheiro', 105, '12455944725'),
('Bernardo Couto', 315, '19257952061'),
('Boaventura Martins', 253, '85586608080'),
('Borrás Mainha', 112, '10072581289'),
('Branca Leme', 313, '16388026287'),
('Bráulio Galante', 303, '73173722480'),
('Brenda Arantes', 196, '34121847841'),
('Brenda Cunha', 368, '31788000460'),
('Brites Neves', 180, '26624119721'),
('Caím Lessa', 293, '91116123170'),
('Caím Pádua', 38, '66263393533'),
('Caio Mederos', 321, '15718935395'),
('Caio Mota', 381, '85766371802'),
('Caio Torquato', 369, '65317013676'),
('Calisto Bulhões', 283, '40388708911'),
('Camilo Gil', 355, '27474120901'),
('Camilo Motta', 85, '54265235290'),
('Cândida Faustino', 375, '38389451079'),
('Capitolina Mena', 189, '25246262695'),
('Capitolina Morgado', 352, '72740220063'),
('Carine Athayde', 155, '34484574044'),
('Carine Varão', 239, '75384105130'),
('Carla Leme', 388, '71017690464'),
('Carla Pitangui', 246, '58673580358'),
('Carlos Brito', 125, '47920778890'),
('Carlota Barreiro', 115, '54670439246'),
('Carlota Fontoura', 301, '89591570342'),
('Carmem Castilho', 367, '46184876914'),
('Carminda Castelbranco', 10, '90609680286'),
('Carolina Castella', 36, '84083839918'),
('Cassandra Márquez', 152, '77885768994'),
('Cassandra Palhares', 372, '75972695736'),
('Cássia Alcántara', 9, '46191839341'),
('Cássia Jucá', 154, '94118093279'),
('Catarino Castelhano', 206, '13155084929'),
('Caubi Brasil', 123, '65063481217'),
('Cauê Barretto', 82, '24708690949'),
('Celestina Assunção', 389, '16153523828'),
('Celina Campello', 363, '53101964491'),
('César Godoy', 326, '39217980330'),
('César Lins', 178, '46491696692'),
('Cid Ramalho', 9, '81962716051'),
('Cidália Abreu', 309, '84903884211'),
('Cidália Ferraz', 310, '40355240735'),
('Cidália Mayor', 1, '85909502202'),
('Clara Freyre', 74, '92176809038'),
('Clara Salguero', 325, '52028522115'),
('Clarindo Sacramento', 232, '97449395919'),
('Claudemiro Vidal', 227, '45690347582'),
('Cláudia Villas Boas', 68, '95634676955'),
('Cláudio Domingos', 101, '59658058563'),
('Cleiton Álvez', 373, '72905027403'),
('Cleiton Bivar', 178, '25049054440'),
('Clementina Melgaço', 216, '89586041748'),
('Clotilde Andrade', 378, '39525179861'),
('Comecus Pêcego', 37, '39268270283'),
('Conrado Covelhã', 44, '54103955487'),
('Constantino Mora', 90, '60567238430'),
('Cora Collares', 344, '36752967986'),
('Corina Frade', 192, '85552838633'),
('Cosperranho Guerrero', 122, '70845690253'),
('Cosperranho Valentim', 304, '81055534117'),
('Cristiana Furtado', 53, '75740400361'),
('Cristina Nunes', 174, '28276843461'),
('Damião Balsemão', 70, '94060718541'),
('Daniela Paraguaçu', 295, '41537348993'),
('David Vega', 42, '41089496634'),
('Delfina Sousa do Prado', 69, '65381273374'),
('Delfina Valentín', 372, '62740025718'),
('Deolindo Leitão', 408, '65605329394'),
('Derli Casalinho', 399, '65084440340'),
('Diana Amaral', 210, '27597096850'),
('Diana Pegado', 265, '30223858414'),
('Dina Thomé', 95, '71761059175'),
('Diógenes Frade', 98, '53570546960'),
('Diógenes Mesquita', 18, '96562419967'),
('Diógenes Peres', 70, '40340040658'),
('Diogo Faria', 162, '10323640099'),
('Domingas Sabala', 280, '93785787033'),
('Domingas Vale', 332, '84777084311'),
('Donata Braz', 124, '59504192580'),
('Donato Bonilla', 89, '28395463046'),
('Donato Jordán', 25, '44195631716'),
('Duarte Magallanes', 50, '58040531137'),
('Dulce Quinterno', 320, '11370858923'),
('Edgar Fontes', 301, '28112551459'),
('Edgar Quinteiro', 48, '11519043895'),
('Eduardo Bragança', 228, '63426559712'),
('Eduardo Cabreira', 392, '59201525705'),
('Egas Gonçalves', 264, '15309577162'),
('Elba Saldanha', 393, '83504012401'),
('Elba Sucupira', 180, '69575406121'),
('Elias Bernárdez', 219, '15077177861'),
('Elisabete Macieira', 350, '44271790432'),
('Eliseu Verissimo', 295, '46561754679'),
('Elvira Azevedo', 357, '64017093256'),
('Emanuela Alvarenga', 15, '26499164014'),
('Emília Festas', 294, '20860563227'),
('Emília Piteira', 80, '56774076233'),
('Emiliana Casqueira', 122, '92534715422'),
('Énia Garcez', 247, '31510169549'),
('Epaminondas Horta', 132, '53216152679'),
('Epaminondas Ríos', 167, '48956258764'),
('Epaminondas Tabajara', 148, '17357367661'),
('Érica Lima', 284, '22284007415'),
('Érico Covinha', 45, '71512618230'),
('Érico Feijó', 196, '39722581417'),
('Érico Perdigão', 58, '23830758103'),
('Ernesto Chousa', 16, '17171273786'),
('Ernesto Moreyra', 191, '40733971953'),
('Esperança França', 150, '76849250619'),
('Estanislau Marañón', 308, '33721815877'),
('Estanislau Palmeira', 217, '54900768455'),
('Estefânia Lessa', 369, '89975875235'),
('Ester Cordeiro', 285, '33314561383'),
('Eudes Delgado', 147, '84427124611'),
('Eugénia Pestana', 321, '47095326833'),
('Eugénio Ávila', 78, '36426684067'),
('Eugénio Carromeu', 223, '97804477701'),
('Eunice Sacramento', 162, '43324377517'),
('Evandro Mirandela', 345, '56264168674'),
('Evaristo Covilhã', 18, '92861798770'),
('Ezequiel Orriça', 141, '86988569547'),
('Fábia Pardo', 357, '86162222294'),
('Fabiano Albernaz', 398, '78948711562'),
('Fabiano Feijó', 4, '22260699439'),
('Fabiano Penteado', 391, '46455612977'),
('Fátima Lencastre', 386, '77097008578'),
('Fátima Parracho', 59, '67993830506'),
('Fausto Freiria', 35, '48782110259'),
('Felícia Lagos', 23, '63378215930'),
('Feliciana Caetano', 44, '93988258786'),
('Feliciana Rua', 43, '48058140780'),
('Felisbela Bernardes', 7, '10128016873'),
('Félix Quintal', 31, '62358069022'),
('Ferdinando Mansilha', 157, '22100122566'),
('Filena Alvarenga', 195, '82735945460'),
('Filinto Clementino', 77, '67558325075'),
('Filipa Bicalho', 297, '33578399506'),
('Filipa Vilhena', 374, '21147699970'),
('Filomena Sesimbra', 237, '19204412972'),
('Filomena Valido', 204, '25569097918'),
('Fiona Díaz', 278, '41902722309'),
('Flamínia Acuña', 52, '53471233010'),
('Flávia León', 254, '68669390982'),
('Flávio Viveiros', 280, '23111889888'),
('Flor Borja', 226, '14855524882'),
('Flor Cantanhede', 159, '63797523475'),
('Flor Miranda', 219, '84666702466'),
('Florêncio Álvarez', 283, '42915358796'),
('Florêncio Collaço', 271, '29906967171'),
('Florêncio Medeiros', 277, '53760718978'),
('Floriano Brás', 227, '41220273888'),
('Francisco Andrade', 367, '15124604950'),
('Francisco Avelar', 175, '56491353904'),
('Frederica Quirino', 153, '20295275072'),
('Frederico Penteado', 109, '34368894239'),
('Frutuoso Méndez', 224, '27072822938'),
('Fulvio Ourique', 139, '91575776160'),
('Fulvio Pêcego', 203, '75042684209'),
('Gabriel Severo', 336, '19350584713'),
('Gabriela Ignacio', 223, '64382686466'),
('Gaspar Antúnez', 289, '27084171271'),
('Gaspar Carvalhosa', 253, '50443840756'),
('Gaspar Peseiro', 7, '15969404961'),
('Gastão Azenha', 179, '20678759038'),
('Gastão Castel-Branco', 114, '63568558134'),
('Gastão Jordão', 228, '48466197685'),
('Gastão Mexia', 91, '42272296996'),
('Genoveva Alburquerque', 187, '54814817291'),
('Geraldo Marreiro', 375, '21410672701'),
('Geraldo Soto Mayor', 263, '85653321128'),
('Gerardo Cambaúva', 50, '27580567407'),
('Gertrudes Gentil', 186, '65218635510'),
('Gertrudes Guimaraens', 400, '99111437447'),
('Gil Saldanha', 57, '94711854051'),
('Gilda Meireles', 250, '90818587280'),
('Gilda Nolasco', 200, '94423955154'),
('Ginéculo Paraguaçu', 210, '96478509975'),
('Giovana Girã', 366, '95829240431'),
('Gisela Laranjeira', 166, '23075578443'),
('Gisela Marino', 91, '52943990155'),
('Gisela Vicario', 127, '88642821500'),
('Gláuber Café', 176, '68097303685'),
('Gláucia Lagoa', 256, '61016440057'),
('Gláucia Vidal', 173, '69083637513'),
('Gláucio Dantas', 64, '88814863636'),
('Gláucio Flores', 353, '95055235161'),
('Gláucio Santiago', 194, '41271367570'),
('Godofredo Valentín', 379, '98277137975'),
('Graça López', 248, '74901962571'),
('Graciano Morgado', 24, '69989703698'),
('Greice Campos', 349, '21264654026'),
('Guadalupe Grilo', 182, '53481543051'),
('Gualdim Lustosa', 212, '76375454204'),
('Guálter, Walter Cayubi', 115, '97490116934'),
('Guaraci Vila-Chã', 297, '18210268662'),
('Gui Carvalhoso', 121, '15453181923'),
('Gui Mont''Alverne', 58, '51551854701'),
('Guido Capucho', 217, '79100110681'),
('Guilhermina Betancour', 97, '73158330126'),
('Guilhermina Caiado', 307, '10149556203'),
('Gustavo Gracia', 263, '86275002918'),
('Guterre Domínguez', 344, '84481374815'),
('Hedviges Curvelo', 377, '82451706933'),
('Hedviges Rolim', 266, '58019168123'),
('Heitor Mafra', 54, '96626389022'),
('Helena Borja', 159, '91336484212'),
('Helena Butantã', 296, '48456470751'),
('Helena Mainha', 231, '51440544540'),
('Hélia Camargo', 274, '93947849707'),
('Hélio Balladares', 319, '37299699151'),
('Henrique Piñero', 288, '77330070626'),
('Henriqueta Lobo', 213, '18218383256'),
('Hermesinda Rodovalho', 372, '82528468607'),
('Hermígio Bento', 384, '61143424318'),
('Hipólito Cortês', 382, '52692758428'),
('Honorina Varanda', 359, '25182422989'),
('Ibijara Salvado', 84, '67172887931'),
('Ifigénia Cardin', 122, '68491306516'),
('Ilídio Paião', 226, '45547766545'),
('Ilma Queirós', 17, '40238670855'),
('Inácio Brites', 51, '76773015561'),
('Inaiá Valverde', 197, '22864033464'),
('Ingrit Losada', 373, '44773946104'),
('Iracema Conde', 328, '38102257626'),
('Irani Maciel', 162, '83208801375'),
('Irene Farias', 67, '20163598924'),
('Isaac, Isaque Pamplona', 51, '12231736587'),
('Isabel Balladares', 135, '45663595784'),
('Isadora Guimaraes', 163, '49757331240'),
('Isadora Lacerda', 62, '35695638299'),
('Isadora Marcondes', 166, '12719727337'),
('Isilda Higuera', 26, '80239344010'),
('Ismael Vega', 167, '96122388834'),
('Israel Pinhal', 289, '95398493313'),
('Ítala Malheiro', 14, '96310622271'),
('Itiberê Manso', 249, '54865149610'),
('Itiberê Torrado', 42, '56093182016'),
('Iva Villena', 257, '97037665118'),
('Ivo Baldaia', 228, '27295305056'),
('Jacira Muniz', 222, '62990878425'),
('Jamari Ourique', 399, '44361874464'),
('Jamari Vilela', 242, '23443579560'),
('Joana Castanho', 108, '95726955421'),
('Joana Freitas', 365, '49630999924'),
('Joana Viégas', 354, '52953865818'),
('Joana Vilalobos', 150, '25152422181'),
('Joaquim Peixoto', 187, '22324058925'),
('Joel Macena', 10, '69866826209'),
('Jordana Bivar', 49, '77562710384'),
('Jordana Mattozo', 330, '24734546736'),
('Jorge Gama', 46, '29937193811'),
('Josefa Ourique', 153, '44463386380'),
('Josias Vega', 244, '42202446576'),
('Juçara Loio', 138, '57478337016'),
('Judá Aguiar', 314, '82101671010'),
('Judá Marrero', 117, '40727870066'),
('Júlia Assis', 89, '57541097062'),
('Juliano Salgueiro', 319, '60343345106'),
('Júlio Casado', 241, '61453481163'),
('Júlio Festas', 105, '70981403608'),
('Júlio Tibiriçá', 93, '12667282984'),
('Jurema Doutel', 275, '52257438198'),
('Jurema Toledo', 252, '14954510360'),
('Jutaí Guaraná', 366, '44583131772'),
('Jutaí Rua', 126, '71454985477'),
('Laura Estrada', 142, '66500382278'),
('Laurinda Madureira', 217, '81060607409'),
('Laurinda Veríssimo', 56, '37370594678'),
('Lázaro Lima', 202, '81130934356'),
('Léia Cabeça de Vaca', 123, '12610411960'),
('Leonel Naves', 57, '83054321070'),
('Leônidas   Aleixo', 64, '89020544111'),
('Leónidas Pastana', 187, '24012752766'),
('Leopoldo Madeira', 121, '48815752309'),
('Levi Baião', 327, '72352793067'),
('Liana Velasco', 118, '20529825170'),
('Lídia Brión', 73, '57074838740'),
('Lígia Fialho', 237, '23829072481'),
('Lígia Filipe', 223, '31820999463'),
('Lília Saraíba', 72, '19230822367'),
('Lina Vilanova', 84, '31444071987'),
('Lopo Campos', 296, '43723924055'),
('Lopo Villela', 171, '99053689704'),
('Lua Monteiro', 390, '80177374199'),
('Lúcia Chousa', 352, '94182150832'),
('Luciana Velasco', 282, '61467526792'),
('Luciano Benevides', 55, '65897105001'),
('Lucília Padilha', 377, '38985096810'),
('Lucinda Carvajal', 413, '54155264477'),
('Lúcio Vicario', 213, '67968817847'),
('Ludovico Becerril', 102, '58393109602'),
('Ludovico Nascimento', 30, '92013556148'),
('Luize Delgado', 30, '66503581933'),
('Luize Sarmento', 305, '13015235485'),
('Lurdes Barboza', 211, '34179990691'),
('Lurdes Souto Maior', 190, '63905546510'),
('Luzia Araújo', 370, '53636435181'),
('Luzia Fidalgo', 333, '75518129118'),
('Luzia Vásquez', 42, '97027252747'),
('Mafalda Dutra', 235, '45621937020'),
('Maiara Caldeira', 237, '89576714097'),
('Maiara Pardo', 102, '52862661006'),
('Manuel Lage', 46, '42625784663'),
('Mara Louzada', 5, '82655875099'),
('Mara Sardina', 186, '59676550999'),
('Marcelo Açores', 222, '58181965725'),
('Márcio Almeyda', 311, '19122772238'),
('Márcio Monjardim', 173, '81454239462'),
('Márcio Pessoa', 224, '14926241832'),
('Marco Becerra', 4, '49292279859'),
('Marco Lucena', 411, '83148193871'),
('Marcos Jucá', 85, '39178678469'),
('Marcos Modesto', 164, '77491607110'),
('Margarida Vázquez', 234, '57570290054'),
('Mariana Onofre', 84, '48319263400'),
('Mariano Carrillo', 106, '83508874401'),
('Mariano Rosário', 155, '35912168475'),
('Marilda Pacheco', 299, '92915210091'),
('Marina Alencastre', 152, '59900570752'),
('Marina Vilaverde', 216, '26788569803'),
('Mário Caballero', 261, '26061667887'),
('Mário Tupinambá', 285, '83369835432'),
('Marisa Marañón', 397, '58042661167'),
('Marisa Silveira dos Açores', 345, '57214107902'),
('Marisa Terra', 255, '91320764480'),
('Martinho Sá', 130, '40390090615'),
('Mateus Bogalho', 236, '81506634574'),
('Mateus Hurtado', 188, '38338969876'),
('Maura Bragança', 204, '67005997939'),
('Maura Xavier', 278, '52205154960'),
('Mauro Lamego', 159, '60237167151'),
('Máximo Ayres', 356, '32056847663'),
('Máximo Madureira', 326, '58261937241'),
('Máximo Rosa', 210, '97556419837'),
('Mécia Canejo', 377, '63695974489'),
('Melinda Bairros', 10, '69994033323'),
('Melissa Clementino', 26, '69781349756'),
('Melissa Pêssego', 336, '96103393055'),
('Mem Baptista', 94, '20500028023'),
('Mercedes Motta', 229, '14338834437'),
('Micaela Olaio', 245, '33528938175'),
('Miguel Quintana', 272, '83249685693'),
('Minervina Barroqueiro', 385, '45064869122'),
('Minervina Fitas', 362, '75070453624'),
('Minervina Mieiro', 112, '79526628782'),
('Miriam Thomé', 331, '27260154926'),
('Miru Caminha', 141, '22276478199'),
('Moacir Monsanto', 31, '61503660294'),
('Moacir Rebelo', 181, '68572065051'),
('Mónica Bencatel', 294, '24992899528'),
('Mónica Conceição', 260, '60352491127'),
('Morgana Carreiro', 365, '15261177514'),
('Murici Fidalgo', 95, '62620446002'),
('Napoleão Fiestas', 49, '78576105548'),
('Natacha Raminhos', 358, '45585709991'),
('Nazaré Leitão', 180, '43644774126'),
('Nestor Jardim', 204, '46758299814'),
('Neusa Caldas', 66, '77865158720'),
('Neusa Silvestre', 95, '39023817138'),
('Neuza Ilha', 47, '75665989040'),
('Nicolas Duarte', 167, '43112343707'),
('Noel Dinis', 101, '89315075679'),
('Noêmia   Valentim', 276, '88814726063'),
('Noémia Caniça', 39, '52367900723'),
('Ofélia Feitosa', 260, '26739956577'),
('Ofélia Sardinha', 23, '78551685182'),
('Olavo Severiano', 279, '27938015667'),
('Olga Rabello', 247, '11605554847'),
('Oliveira Cavadas', 82, '35920647073'),
('Olívio Mesquita', 293, '53048609497'),
('Olívio Villegas', 85, '42819020454'),
('Ondina Leal', 397, '22551151595'),
('Ondina Taveira', 98, '43566828592'),
('Ordonho Salvado', 353, '72084580390'),
('Ordonho Telinhos', 371, '43632020802'),
('Oscar   Tamoio', 307, '75455274103'),
('Oscar   Valle', 389, '27678210551'),
('Osvaldo Caiado', 266, '38582537207'),
('Osvaldo Eanes', 240, '85250556480'),
('Osvaldo Lacerda', 299, '99390729133'),
('Osvaldo León', 168, '63262929536'),
('Otávio Tavera', 103, '83731805453'),
('Ovídio Bulhosa', 121, '92882870135'),
('Palmiro Felgueiras', 359, '26410909851'),
('Paraguaçu Domingos', 250, '58735464842'),
('Paraguaçu Vides', 235, '48140861560'),
('Parcidio Neiva', 181, '60391368765'),
('Patrícia Tévez', 292, '64526540659'),
('Paula Aquino', 148, '63949355559'),
('Paula Pena', 374, '23454998865'),
('Paulino Carvalheira', 171, '92844205666'),
('Penélope Andrade', 322, '83887582137'),
('Penélope Caldas', 59, '84642099491'),
('Plínio Antas', 285, '70351902926'),
('Plínio Parracho', 39, '51028771279'),
('Políbio Lousada', 268, '86930176999'),
('Priscila Gonsalves', 284, '90678018740'),
('Querubim Brites', 331, '40109196923'),
('Querubim Ferrón', 324, '17967311954'),
('Querubim Frota', 364, '91438717340'),
('Querubina Cisneiros', 72, '74639029950'),
('Querubina Guedella', 111, '55521620624'),
('Querubina Robalo', 52, '57453250604'),
('Quévin Enríquez', 265, '56794948976'),
('Quévin Sarmento', 61, '81130032995'),
('Quintiliana Murtinho', 337, '47188418700'),
('Quintilien Belchior', 248, '60742504179'),
('Quintino Bezerril', 108, '57592204928'),
('Quintino Cardoso', 169, '63707820022'),
('Quirina Canhão', 346, '96544656402'),
('Quitério Morera', 276, '71957152749'),
('Quitério Viveros', 58, '59985456960'),
('Rafael Brasil', 61, '94043847696'),
('Ramão Grande', 288, '46433833520'),
('Ramão Mendoza', 297, '65226570725'),
('Raul Monjardim', 281, '69481130391'),
('Regina Mota', 368, '39189139880'),
('Regina Puerto', 246, '33937218290'),
('Renata Mourão', 259, '64605658486'),
('Renato Becerril', 203, '31076841208'),
('Ricardina Lagoa', 309, '79118071972'),
('Rita Rolim', 382, '20668851377'),
('Roberta Acevedo', 120, '68510581709'),
('Rodolfo Dutra', 315, '11342860574'),
('Rodolfo Gaspar', 137, '79741531304'),
('Rodrigo Lages', 200, '35825104659'),
('Rodrigo Rebouças', 47, '74301192387'),
('Rogério Cruz', 7, '71341576443'),
('Romano Parafita', 142, '13662141054'),
('Romão Vianna', 307, '20136383462'),
('Ronaldo Angelim', 36, '84115644688'),
('Roque Covelhã', 114, '71392496119'),
('Rosa Casalinho', 410, '10894009803'),
('Rosa Júdice', 226, '73074648810'),
('Rosália Camelo', 91, '54699957813'),
('Rosália Correa', 37, '80683616686'),
('Rosário Galindo', 403, '99945454906'),
('Rosaura Alcántara', 110, '21652100195'),
('Rúben Baião', 348, '91983308170'),
('Sabrina Maior', 126, '26478209935'),
('Salomão Casquero', 50, '74878933764'),
('Salomé Amaro', 305, '66648683820'),
('Salomé Moutinho', 398, '16929046589'),
('Salomé Noite', 247, '98055031371'),
('Salomé Olivares', 264, '38094503406'),
('Salvador Ferrera', 189, '48357907104'),
('Salvador Oiticica', 93, '28653597554'),
('Samuel Abrantes', 336, '49883279106'),
('Sancho Márquez', 55, '17324814096'),
('Sandra Rosa', 339, '79925111754'),
('Sandro Guarabira', 143, '41223267377'),
('Sebastiana Sant''Anna', 54, '82138324415'),
('Selma Acatauaçu', 358, '75005528035'),
('Serafina Taborda', 113, '36959455368'),
('Sidónio Cintra', 103, '22379203090'),
('Sílvia Carreira', 23, '52989031808'),
('Sílvia Peseiro', 315, '29378730948'),
('Sílvio Amorín', 26, '79719491189'),
('Simeão Cabreira', 357, '69885842197'),
('Simone Bulhões', 244, '23185322956'),
('Siquenique Holanda', 354, '49435292112'),
('Siquenique Velásquez', 15, '45721919396'),
('Socorro Lobo', 256, '20138633841'),
('Socorro Valverde', 39, '76706787135'),
('Solano Mortágua', 249, '14207979471'),
('Suniário Belém', 46, '38430961275'),
('Suniário Rosmaninho', 387, '47156769328'),
('Tabalipa Tavares', 183, '68248707323'),
('Tadeu Modesto', 27, '79052025685'),
('Tainá Sabrosa', 59, '35688336460'),
('Talita Lins', 188, '75717367874'),
('Talita Pitanga', 245, '94365464074'),
('Tânia Torres', 173, '69975410079'),
('Tarrataca Castella', 61, '42255758438'),
('Telmo Rocha', 264, '53875710534'),
('Tércio Melgaço', 185, '52412433167'),
('Tércio Moreyra', 364, '89260974254'),
('Tércio Peseiro', 45, '82100711027'),
('Teresa Gonçalves', 322, '67861132996'),
('Tiago Castanheira', 258, '54001625631'),
('Tomás Damazio', 313, '46229261694'),
('Tomás Fartaria', 258, '23196097147'),
('Tomé Lage', 69, '13521381407'),
('Trajano Valgueiro', 387, '12917290023'),
('Tristão Bessa', 161, '24378533819'),
('Ubajara Butantã', 62, '28762293178'),
('Ubajara Thamily', 231, '17755001011'),
('Ubirajara Bulhões', 276, '21016237971'),
('Ubiratã Fogassa', 318, '42832091298'),
('Udo Mourato', 356, '82216647139'),
('Udo Valentim', 149, '24710607841'),
('Urbano Alancastro', 208, '59239549465'),
('Urbano Lagoa', 389, '81654362344'),
('Uriel Villela', 303, '79640082140'),
('Úrsula Lameira', 288, '21798295823'),
('Valdemar Camilo', 396, '99417690669'),
('Valentim Bernárdez', 259, '14410494011'),
('Valentim Branco', 279, '42585301896'),
('Valéria Salomão', 335, '78803037667'),
('Valmor Ferraz', 16, '95031914337'),
('Vanderlei Jordán', 283, '67223653323'),
('Vanderlei López', 87, '31840666579'),
('Vanderlei Rego', 341, '67272173193'),
('Vanessa Paz', 184, '60215953433'),
('Vanessa Valido', 30, '62582951666'),
('Vânia Rodríguez', 304, '20368643469'),
('Vera Salvado', 79, '78168146155'),
('Veríssimo Igrejas', 363, '14191338177'),
('Veríssimo Mexia', 333, '48114036382'),
('Vicente Barateiro', 80, '72096122559'),
('Violeta Godoy', 195, '89029107936'),
('Virgília Castelo', 225, '43510169265'),
('Virgília Saldaña', 400, '85860589289'),
('Virgílio Albuquerque', 197, '61167696253'),
('Virgílio Carvalhais', 313, '62996127406'),
('Virgínia Baldaia', 192, '78291419500'),
('Virgínia Ramalho', 295, '74149120606'),
('Viriato Peixoto', 360, '90359452497'),
('Viridiana Galvão', 191, '53428312811'),
('Viridiana Nascimento', 219, '50964700587'),
('Viridiano Candal', 347, '22961386991'),
('Viridiano Villar', 328, '60695323838'),
('Vítor ou Victor Bettencourt', 358, '66471848993'),
('Vitória Passarinho', 259, '31202328232'),
('Vlademiro Ferro', 208, '70915481652'),
('Xênia   Lemes', 110, '85233703128'),
('Xênia   Parahyba', 257, '43699933119'),
('Xênia   Piteira', 67, '41736230787'),
('Xénia Dantas', 15, '12934707813'),
('Ximena Madureira', 16, '45988770643'),
('Xisto Montenegro', 191, '23504649705'),
('Zara Aragón', 120, '90726117547'),
('Zara Girão', 317, '81410214813'),
('Zidane Caldera', 366, '29065173651'),
('Zidane López', 172, '23994493998'),
('Zózimo Landim', 225, '69770495563'),
('Zózimo Piratininga', 139, '45790239459'),
('Zuleide Queirós', 254, '64193170984'),
('Zulmira Hipólito', 229, '72858076104');


INSERT INTO `Ministra` (`cod_disciplina`, `cod_professor`) VALUES
(1, 2),
(2, 2),
(9, 3),
(5, 8),
(10, 12),
(6, 13),
(4, 20),
(7, 22),
(6, 28),
(5, 29),
(1, 33),
(2, 33),
(9, 34),
(11, 40),
(9, 60),
(7, 63),
(4, 71),
(6, 75),
(3, 76),
(11, 88),
(7, 92),
(4, 96),
(1, 99),
(2, 99),
(8, 104),
(8, 107),
(10, 116),
(10, 128),
(6, 133),
(1, 134),
(2, 134),
(11, 136),
(3, 144),
(9, 145),
(11, 146),
(7, 151),
(3, 156),
(8, 158),
(5, 160),
(4, 165),
(10, 170),
(5, 193),
(3, 198),
(8, 199),
(4, 201),
(6, 205),
(9, 207),
(5, 209),
(1, 214),
(2, 214),
(8, 215),
(5, 218),
(11, 220),
(9, 221),
(9, 230),
(1, 233),
(2, 233),
(11, 238),
(3, 243),
(5, 251),
(9, 262),
(8, 267),
(11, 270),
(1, 273),
(2, 273),
(3, 286),
(8, 287),
(7, 290),
(6, 291),
(1, 298),
(2, 298),
(10, 300),
(7, 302),
(7, 306),
(6, 316),
(10, 323),
(3, 329),
(4, 334),
(10, 338),
(6, 340),
(4, 342),
(3, 343),
(5, 351),
(8, 361),
(11, 376),
(7, 380),
(10, 394),
(4, 395),
(1, 401),
(3, 401),
(4, 401),
(5, 401),
(10, 401),
(1, 402),
(3, 402),
(4, 402),
(5, 402),
(10, 402);


INSERT INTO `ProfessoresAtivos` (`cod_professor`, `cod_turma`, `cod_disciplina`) VALUES
(33, 1, 1),
(33, 1, 2),
(60, 1, 9),
(75, 1, 6),
(88, 1, 11),
(116, 1, 10),
(144, 1, 3),
(151, 1, 7),
(160, 1, 5),
(165, 1, 4),
(199, 1, 8),
(29, 2, 5),
(60, 2, 9),
(75, 2, 6),
(96, 2, 4),
(99, 2, 1),
(99, 2, 2),
(116, 2, 10),
(136, 2, 11),
(151, 2, 7),
(156, 2, 3),
(158, 2, 8),
(33, 3, 1),
(34, 3, 9),
(75, 3, 6),
(107, 3, 8),
(116, 3, 10),
(134, 3, 2),
(136, 3, 11),
(151, 3, 7),
(160, 3, 5),
(165, 3, 4),
(198, 3, 3),
(34, 4, 9),
(71, 4, 4),
(99, 4, 1),
(99, 4, 2),
(128, 4, 10),
(133, 4, 6),
(146, 4, 11),
(151, 4, 7),
(156, 4, 3),
(158, 4, 8),
(160, 4, 5),
(60, 5, 9),
(99, 5, 1),
(133, 5, 6),
(134, 5, 2),
(136, 5, 11),
(151, 5, 7),
(165, 5, 4),
(170, 5, 10),
(193, 5, 5),
(198, 5, 3),
(199, 5, 8),
(34, 6, 9),
(63, 6, 7),
(75, 6, 6),
(88, 6, 11),
(99, 6, 2),
(128, 6, 10),
(134, 6, 1),
(144, 6, 3),
(158, 6, 8),
(160, 6, 5),
(165, 6, 4),
(34, 7, 9),
(96, 7, 4),
(116, 7, 10),
(133, 7, 6),
(134, 7, 1),
(134, 7, 2),
(146, 7, 11),
(151, 7, 7),
(193, 7, 5),
(198, 7, 3),
(199, 7, 8),
(33, 8, 1),
(33, 8, 2),
(60, 8, 9),
(96, 8, 4),
(107, 8, 8),
(128, 8, 10),
(133, 8, 6),
(146, 8, 11),
(151, 8, 7),
(156, 8, 3),
(160, 8, 5),
(401, 41, 3),
(401, 41, 10),
(402, 41, 1),
(402, 41, 4),
(402, 41, 5),
(401, 42, 1),
(401, 42, 3),
(401, 42, 10),
(402, 42, 4),
(402, 42, 5);